{"cameraMode":{"drawMode":0,"name":"Shaded","section":"Shading Mode"},"sceneLighting":true,"audioPlay":false,"sceneViewState":{"showFog":true,"showMaterialUpdate":false,"showSkybox":true,"showFlares":true,"showImageEffects":true,"showParticleSystems":true},"in2DMode":false,"pivot":{"x":11.650400161743164,"y":-0.34950095415115359,"z":1.8200664520263672},"rotation":{"x":-0.14503803849220277,"y":-0.5621127486228943,"z":0.10089287906885147,"w":-0.8079811930656433},"size":5.159292221069336,"orthographic":false}