{"cameraMode":{"drawMode":0,"name":"Shaded","section":"Shading Mode"},"sceneLighting":true,"audioPlay":false,"sceneViewState":{"showFog":true,"showMaterialUpdate":false,"showSkybox":true,"showFlares":true,"showImageEffects":true,"showParticleSystems":true},"in2DMode":false,"pivot":{"x":13.710000038146973,"y":1.7330000400543213,"z":2.499999523162842},"rotation":{"x":-0.14503803849220277,"y":-0.5621127486228943,"z":0.10089287906885147,"w":-0.8079811930656433},"size":2.8563344478607179,"orthographic":false}